Frequency,Channel A,Channel B,H,B
(ms),(V),(mV),,
,,,,
-25.04999902,-5.402313,-311.9771,-20830.18444,-2.416316844
-24.99999902,-5.402313,-311.9771,-20830.18444,-2.416316844
-24.94999902,-5.402313,-311.9771,-20830.18444,-2.416316844
-24.89999903,-5.412156,-311.9771,-20868.13698,-2.416316844
-24.84999903,-5.412156,-311.485,-20868.13698,-2.412505444
-24.79999903,-5.412156,-311.9771,-20868.13698,-2.416316844
-24.74999903,-5.402313,-311.9771,-20830.18444,-2.416316844
-24.69999903,-5.39247,-312.4692,-20792.2319,-2.420128244
-24.64999903,-5.39247,-312.9614,-20792.2319,-2.423940419
-24.59999903,-5.402313,-313.4535,-20830.18444,-2.427751819
-24.54999903,-5.402313,-313.4535,-20830.18444,-2.427751819
-24.49999904,-5.39247,-312.9614,-20792.2319,-2.423940419
-24.44999904,-5.39247,-313.4535,-20792.2319,-2.427751819
-24.39999904,-5.382628,-313.4535,-20754.28322,-2.427751819
-24.34999904,-5.382628,-313.4535,-20754.28322,-2.427751819
-24.29999904,-5.382628,-313.4535,-20754.28322,-2.427751819
-24.24999904,-5.362943,-313.4535,-20678.38199,-2.427751819
-24.19999904,-5.343258,-312.4692,-20602.48076,-2.420128244
-24.14999904,-5.323265,-312.4692,-20525.39195,-2.420128244
-24.09999905,-5.30358,-311.485,-20449.49073,-2.412505444
-24.04999905,-5.274053,-310.9929,-20335.64082,-2.408694044
-23.99999905,-5.244525,-310.4854,-20221.78705,-2.404763368
-23.94999905,-5.205155,-309.9932,-20069.9846,-2.400951194
-23.89999905,-5.165785,-309.009,-19918.18215,-2.393328394
-23.84999905,-5.116572,-308.0247,-19728.42715,-2.385704819
-23.79999905,-5.076895,-307.0405,-19575.44097,-2.378082019
-23.74999905,-5.027682,-306.0562,-19385.68598,-2.370458445
-23.69999906,-4.978469,-306.0562,-19195.93099,-2.370458445
-23.64999906,-4.929257,-305.5641,-19006.17985,-2.366647045
-23.59999906,-4.869894,-304.5798,-18777.28859,-2.35902347
-23.54999906,-4.820682,-303.5802,-18587.53745,-2.351281395
-23.49999906,-4.761319,-303.0881,-18358.64619,-2.347469995
-23.44999906,-4.712106,-302.1038,-18168.89119,-2.33984642
-23.39999906,-4.653051,-301.6117,-17941.18752,-2.33603502
-23.34999906,-4.603838,-300.6274,-17751.43252,-2.328411446
-23.29999907,-4.544476,-299.6278,-17522.54512,-2.32066937
-23.24999907,-4.485421,-298.1515,-17294.84144,-2.30923517
-23.19999907,-4.426366,-296.6751,-17067.13776,-2.297800195
-23.14999907,-4.367311,-295.1833,-16839.43408,-2.286245945
-23.09999907,-4.307948,-294.199,-16610.54282,-2.278622371
-23.04999907,-4.248893,-293.2148,-16382.83914,-2.270999571
-22.99999907,-4.179688,-292.2305,-16115.99919,-2.263375996
-22.94999907,-4.120632,-290.7542,-15888.29166,-2.251941796
-22.89999908,-4.061577,-289.2624,-15660.58798,-2.240387546
-22.84999908,-4.002522,-288.2781,-15432.8843,-2.232763971
-22.79999908,-3.943159,-288.2781,-15203.99304,-2.232763971
-22.74999908,-3.874262,-287.786,-14938.34068,-2.228952571
-22.69999908,-3.815207,-286.8018,-14710.637,-2.221329771
-22.64999908,-3.755844,-285.8175,-14481.74574,-2.213706197
-22.59999908,-3.696789,-284.3258,-14254.04206,-2.202152721
-22.54999908,-3.637426,-283.8336,-14025.1508,-2.198340547
-22.49999909,-3.568528,-283.3415,-13759.49458,-2.194529147
-22.44999909,-3.509473,-282.3573,-13531.7909,-2.186906347
-22.39999909,-3.450111,-280.8809,-13302.90349,-2.175471372
-22.34999909,-3.391056,-279.3891,-13075.19981,-2.163917122
-22.29999909,-3.322158,-278.4049,-12809.54359,-2.156294322
-22.24999909,-3.262795,-277.4206,-12580.65233,-2.148670747
-22.19999909,-3.20374,-275.9442,-12352.94865,-2.137235773
-22.14999909,-3.134842,-274.4525,-12087.29244,-2.125682297
-22.0999991,-3.075787,-272.484,-11859.58876,-2.110435923
-22.0499991,-3.006582,-271.4997,-11592.74881,-2.102812348
-21.9999991,-2.937685,-270.0233,-11327.09645,-2.091377374
-21.9499991,-2.878629,-269.0237,-11099.38891,-2.083635298
-21.8999991,-2.819267,-266.5631,-10870.50151,-2.064577524
-21.8499991,-2.750369,-265.0867,-10604.84529,-2.053142549
-21.7999991,-2.681164,-264.0871,-10338.00534,-2.045400473
-21.7499991,-2.612266,-262.6107,-10072.34912,-2.033965499
-21.69999911,-2.543369,-261.1343,-9806.696757,-2.022530524
-21.64999911,-2.484006,-259.6426,-9577.805495,-2.010977049
-21.59999911,-2.424951,-258.1662,-9350.101816,-1.999542074
-21.54999911,-2.346211,-256.6898,-9046.496912,-1.9881071
-21.49999911,-2.277005,-256.1977,-8779.653109,-1.9842957
-21.44999911,-2.208108,-255.2135,-8514.000745,-1.9766729
-21.39999911,-2.138903,-253.7217,-8247.160798,-1.965118649
-21.34999912,-2.070005,-252.2453,-7981.504579,-1.953683675
-21.29999912,-2.001107,-251.2611,-7715.84836,-1.946060875
-21.24999912,-1.912217,-249.2926,-7373.107186,-1.9308145
-21.19999912,-1.823634,-247.3087,-7031.549741,-1.91544885
-21.14999912,-1.744587,-245.3402,-6726.761109,-1.900202476
-21.09999912,-1.656004,-242.8642,-6385.203663,-1.881025425
-21.04999912,-1.567421,-240.4035,-6043.646218,-1.861966876
-20.99999912,-1.478531,-237.9275,-5700.905044,-1.842789826
-20.94999913,-1.389948,-235.4669,-5359.347599,-1.823732052
-20.89999913,-1.301058,-232.9909,-5016.606426,-1.804555002
-20.84999913,-1.212475,-230.5302,-4675.04898,-1.785496453
-20.79999913,-1.133428,-227.5621,-4370.260348,-1.762508002
-20.74999913,-1.044845,-224.1019,-4028.702903,-1.735708152
-20.69999913,-0.9559547,-221.1491,-3685.960573,-1.712838203
-20.64999913,-0.867372,-217.6888,-3344.404284,-1.686037578
-20.59999913,-0.7883243,-213.7365,-3039.612953,-1.655426328
-20.54999914,-0.7095842,-209.7841,-2736.007663,-1.624814303
-20.49999914,-0.6305364,-205.3549,-2431.215946,-1.59050938
-20.44999914,-0.5616388,-200.4183,-2165.561269,-1.552274555
-20.39999914,-0.4927411,-194.9895,-1899.906206,-1.510227556
-20.34999914,-0.4333785,-189.5454,-1671.016487,-1.468062056
-20.29999914,-0.3743233,-183.6245,-1443.312037,-1.422203656
-20.24999914,-0.3251107,-176.7194,-1253.558586,-1.368722457
-20.19999914,-0.265748,-170.3064,-1024.668481,-1.319052658
-20.14999915,-0.2165354,-162.8937,-834.91503,-1.261640008
-20.09999915,-0.1673228,-155.4964,-645.161579,-1.204346635
-20.04999915,-0.1279528,-147.0995,-493.3591267,-1.139311185
-19.99999915,-0.07874016,-139.1947,-303.6055215,-1.078087136
-19.94999915,-0.02952756,-130.8132,-113.8520706,-1.013170962
-19.89999915,0.00984252,-121.4321,37.95069019,-0.940512713
-19.84999915,0.05905512,-112.5431,227.7041411,-0.871665863
-19.79999915,0.1082677,-101.6855,417.457515,-0.787571865
-19.74999916,0.1574803,-91.30474,607.2109659,-0.707171075
-19.69999916,0.2066929,-79.95509,796.9644169,-0.619266064
-19.64999916,0.2559055,-69.09756,986.7178678,-0.535172608
-19.59999916,0.3054257,-56.74828,1177.65736,-0.439525288
-19.54999916,0.3546383,-43.92224,1367.410811,-0.34018538
-19.49999916,0.4038509,-32.08046,1557.164262,-0.248468737
-19.44999916,0.4530635,-19.23905,1746.917713,-0.149009785
-19.39999916,0.4927411,-6.905142,1899.906206,-0.053481525
-19.34999917,0.5419537,5.92089,2089.659657,0.045858322
-19.29999917,0.5911663,19.23905,2279.413108,0.149009785
-19.24999917,0.6502215,33.06471,2507.117557,0.256091924
-19.19999917,0.6997416,46.875,2698.056664,0.363055019
-19.14999917,0.7489542,60.70066,2887.810115,0.470137158
-19.09999917,0.8080093,75.51058,3115.514179,0.584842562
-19.04999917,0.867372,90.81261,3344.404284,0.703359443
-18.99999917,0.9264272,106.1147,3572.108733,0.821876788
-18.94999918,0.9854823,121.4321,3799.812798,0.940512713
-18.89999918,1.054688,136.242,4066.655444,1.055217961
-18.84999918,1.123585,150.5444,4332.307807,1.165992534
-18.79999918,1.202633,164.8622,4637.100295,1.276886383
-18.74999918,1.291216,178.6879,4978.657741,1.383968832
-18.69999918,1.379798,191.5293,5320.21133,1.483427706
-18.64999918,1.478531,202.8789,5700.905044,1.57133233
-18.59999918,1.596949,212.7522,6157.499985,1.647802754
-18.54999919,1.724902,221.6412,6650.859883,1.716649603
-18.49999919,1.853162,230.0381,7145.403508,1.781685053
-18.44999919,1.991265,236.9433,7677.899674,1.835167026
-18.39999919,2.119217,242.372,8171.255716,1.877213251
-18.34999919,2.25732,246.3244,8703.751883,1.907825276
-18.29999919,2.395423,250.2768,9236.248049,1.9384373
-18.24999919,2.533526,253.2296,9768.744216,1.961307249
-18.19999919,2.651636,256.1977,10224.15157,1.9842957
-18.1499992,2.770054,258.6583,10680.74651,2.003353474
-18.0999992,2.878629,260.6422,11099.38891,2.018719124
-18.0499992,2.977055,262.6107,11478.8989,2.033965499
-17.9999992,3.08563,264.0871,11897.5413,2.045400473
-17.9499992,3.174213,266.071,12239.09874,2.060766124
-17.8999992,3.263103,267.5474,12581.83992,2.072201098
-17.8499992,3.341843,270.0233,12885.44482,2.091377374
-17.7999992,3.430426,271.9919,13227.00227,2.106624523
-17.74999921,3.509473,273.4682,13531.7909,2.118058723
-17.69999921,3.588214,274.9446,13835.39966,2.129493697
-17.64999921,3.667261,276.4364,14140.18829,2.141047947
-17.59999921,3.746001,277.9128,14443.7932,2.152482922
-17.54999921,3.824742,279.3891,14747.40196,2.163917122
-17.49999921,3.903789,280.3888,15052.19059,2.171659972
-17.44999921,3.972687,281.373,15317.84681,2.179282772
-17.39999921,4.041892,281.8651,15584.68675,2.183094172
-17.34999922,4.11079,283.3415,15850.34297,2.194529147
-17.29999922,4.179688,284.3411,16115.99919,2.202271222
-17.24999922,4.23905,285.3254,16344.8866,2.209894797
-17.19999922,4.288263,286.3096,16534.64159,2.217517597
-17.14999922,4.347318,287.2939,16762.34527,2.225141171
-17.09999922,4.396838,288.7703,16953.28399,2.236576146
-17.04999922,4.455893,289.7699,17180.98767,2.244318222
-16.99999922,4.505106,290.262,17370.74266,2.248129622
-16.94999923,4.554318,290.262,17560.4938,2.248129622
-16.89999923,4.593996,290.7542,17713.48384,2.251941796
-16.84999923,4.643209,291.2463,17903.23883,2.255753196
-16.79999923,4.692421,291.7384,18092.98997,2.259564596
-16.74999923,4.731791,292.2305,18244.79242,2.263375996
-16.69999923,4.771469,292.7227,18397.78246,2.267188171
-16.64999923,4.800996,292.7227,18511.63237,2.267188171
-16.59999924,4.840367,294.199,18663.43867,2.278622371
-16.54999924,4.869894,295.1833,18777.28859,2.286245945
-16.49999924,4.909264,295.6754,18929.09104,2.290057345
-16.44999924,4.939099,296.183,19044.12853,2.293988795
-16.39999924,4.968627,297.1672,19157.9823,2.301611595
-16.34999924,4.998155,297.6593,19271.83607,2.305422995
-16.29999924,5.027682,298.1515,19385.68598,2.30923517
-16.24999924,5.067052,298.6436,19537.48843,2.31304657
-16.19999925,5.09658,298.1515,19651.3422,2.30923517
-16.14999925,5.126415,298.6436,19766.37969,2.31304657
-16.09999925,5.1461,299.1357,19842.28092,2.31685797
-16.04999925,5.165785,299.6278,19918.18215,2.32066937
-15.99999925,5.18547,299.6278,19994.08337,2.32066937
-15.94999925,5.205155,300.1353,20069.9846,2.324600046
-15.89999925,5.22484,299.6278,20145.88582,2.32066937
-15.84999925,5.234683,299.1357,20183.83836,2.31685797
-15.79999926,5.244525,300.1353,20221.78705,2.324600046
-15.74999926,5.254368,300.6274,20259.73959,2.328411446
-15.69999926,5.26421,300.1353,20297.68828,2.324600046
-15.64999926,5.274053,300.1353,20335.64082,2.324600046
-15.59999926,5.284203,300.6274,20374.77709,2.328411446
-15.54999926,5.284203,300.1353,20374.77709,2.324600046
-15.49999926,5.284203,300.6274,20374.77709,2.328411446
-15.44999926,5.294045,301.1196,20412.72577,2.33222362
-15.39999927,5.294045,301.1196,20412.72577,2.33222362
-15.34999927,5.303888,300.6274,20450.67831,2.328411446
-15.29999927,5.303888,300.6274,20450.67831,2.328411446
-15.24999927,5.31373,301.1196,20488.627,2.33222362
-15.19999927,5.323573,300.6274,20526.57954,2.328411446
-15.14999927,5.333416,301.1196,20564.53208,2.33222362
-15.09999927,5.343258,301.6117,20602.48076,2.33603502
-15.04999927,5.343258,302.1038,20602.48076,2.33984642
-14.99999928,5.343258,302.1038,20602.48076,2.33984642
-14.94999928,5.343258,302.1038,20602.48076,2.33984642
-14.89999928,5.3531,302.5959,20640.42945,2.34365782
-14.84999928,5.3531,302.1038,20640.42945,2.33984642
-14.79999928,5.3531,302.1038,20640.42945,2.33984642
-14.74999928,5.3531,301.6117,20640.42945,2.33603502
-14.69999928,5.3531,301.1196,20640.42945,2.33222362
-14.64999928,5.3531,300.6274,20640.42945,2.328411446
-14.59999929,5.362943,300.1353,20678.38199,2.324600046
-14.54999929,5.362943,300.1353,20678.38199,2.324600046
-14.49999929,5.362943,300.6274,20678.38199,2.328411446
-14.44999929,5.362943,300.6274,20678.38199,2.328411446
-14.39999929,5.3531,301.1196,20640.42945,2.33222362
-14.34999929,5.343258,301.1196,20602.48076,2.33222362
-14.29999929,5.333416,300.6274,20564.53208,2.328411446
-14.24999929,5.313423,301.1196,20487.44327,2.33222362
-14.1999993,5.30358,301.1196,20449.49073,2.33222362
-14.1499993,5.283895,301.1196,20373.5895,2.33222362
-14.0999993,5.254368,300.1353,20259.73959,2.324600046
-14.0499993,5.22484,300.6274,20145.88582,2.328411446
-13.9999993,5.195313,299.6278,20032.03591,2.32066937
-13.9499993,5.165785,299.1357,19918.18215,2.31685797
-13.8999993,5.126415,299.1357,19766.37969,2.31685797
-13.8499993,5.086737,298.1515,19613.38966,2.30923517
-13.79999931,5.037525,297.1672,19423.63852,2.301611595
-13.74999931,4.988312,295.6908,19233.88353,2.290176621
-13.69999931,4.939099,295.1833,19044.12853,2.286245945
-13.64999931,4.889579,293.7069,18853.18981,2.274810971
-13.59999931,4.850209,292.2305,18701.38736,2.263375996
-13.54999931,4.800996,291.7384,18511.63237,2.259564596
-13.49999931,4.741941,290.2466,18283.92869,2.248010346
-13.44999931,4.692421,289.2624,18092.98997,2.240387546
-13.39999932,4.633366,288.2781,17865.28629,2.232763971
-13.34999932,4.574311,288.2781,17637.58261,2.232763971
-13.29999932,4.524791,287.2939,17446.64389,2.225141171
-13.24999932,4.465736,285.8175,17218.94021,2.213706197
-13.19999932,4.406681,285.8175,16991.23653,2.213706197
-13.14999932,4.337475,284.8333,16724.39273,2.206083397
-13.09999932,4.27842,283.8336,16496.68905,2.198340547
-13.04999932,4.219365,282.8494,16268.98537,2.190717747
-12.99999933,4.160002,282.3573,16040.09411,2.186906347
-12.94999933,4.100947,281.373,15812.39043,2.179282772
-12.89999933,4.03205,280.3888,15546.73807,2.171659972
-12.84999933,3.972687,279.3891,15317.84681,2.163917122
-12.79999933,3.903789,277.9128,15052.19059,2.152482922
-12.74999933,3.844734,275.9442,14824.48691,2.137235773
-12.69999933,3.785372,274.9446,14595.5995,2.129493697
-12.64999933,3.726316,273.9604,14367.89197,2.121870897
-12.59999934,3.667261,272.484,14140.18829,2.110435923
-12.54999934,3.607899,271.0076,13911.30089,2.099000948
-12.49999934,3.548843,269.5159,13683.59335,2.087447473
-12.44999934,3.479946,268.5316,13417.94099,2.079823898
-12.39999934,3.410741,267.0552,13151.10104,2.068388924
-12.34999934,3.351686,266.5631,12923.39736,2.064577524
-12.29999934,3.29263,265.0867,12695.68983,2.053142549
-12.24999934,3.223425,264.0871,12428.84988,2.045400473
-12.19999935,3.154528,263.1028,12163.19752,2.037776899
-12.14999935,3.08563,261.6265,11897.5413,2.026342699
-12.09999935,3.016425,260.6422,11630.70135,2.018719124
-12.04999935,2.95737,259.6426,11402.99767,2.010977049
-11.99999935,2.898314,259.1505,11175.29014,2.007165649
-11.94999935,2.829109,257.6741,10908.45019,1.995730674
-11.89999935,2.760212,256.6898,10642.79783,1.9881071
-11.84999936,2.700849,254.7059,10413.90657,1.972741449
-11.79999936,2.631951,252.7374,10148.25035,1.957495075
-11.74999936,2.572896,251.7532,9920.546668,1.949872275
-11.69999936,2.513533,250.2768,9691.655406,1.9384373
-11.64999936,2.444636,248.785,9426.003042,1.92688305
-11.59999936,2.375738,246.8165,9160.346823,1.911636676
-11.54999936,2.306533,245.3402,8893.506876,1.900202476
-11.49999936,2.237635,243.8484,8627.850657,1.888648225
-11.44999937,2.158895,242.372,8324.245752,1.877213251
-11.39999937,2.08969,240.8957,8057.405805,1.865779051
-11.34999937,2.01095,238.9118,7753.800901,1.850413401
-11.29999937,1.931902,236.4511,7449.008413,1.831354852
-11.24999937,1.853162,234.4673,7145.403508,1.815989976
-11.19999937,1.774422,232.9909,6841.798603,1.804555002
-11.14999937,1.695374,231.0224,6537.006115,1.789308627
-11.09999937,1.616634,229.0385,6233.401211,1.773942977
-11.04999938,1.537586,227.07,5928.608723,1.758696602
-10.99999938,1.458846,225.1015,5625.003818,1.743450228
-10.94999938,1.379798,223.1176,5320.21133,1.728084578
-10.89999938,1.291216,221.6412,4978.657741,1.716649603
-10.84999938,1.202633,219.1652,4637.100295,1.697472553
-10.79999938,1.113743,215.7203,4294.359122,1.670791204
-10.74999938,1.02516,212.7522,3952.801676,1.647802754
-10.69999938,0.9362697,209.7841,3610.059347,1.624814303
-10.64999939,0.847687,205.8471,3268.503058,1.594321554
-10.59999939,0.7587968,201.8947,2925.761113,1.56370953
-10.54999939,0.6702141,197.9423,2584.204825,1.533097505
-10.49999939,0.5911663,193.4978,2279.413108,1.49867408
-10.44999939,0.5222687,188.5611,2013.758431,1.460438481
-10.39999939,0.462906,184.1166,1784.868326,1.426015056
-10.34999939,0.4038509,178.6879,1557.164262,1.383968832
-10.29999939,0.3447958,172.2748,1329.460198,1.334298258
-10.2499994,0.2955832,165.8464,1139.706747,1.284509183
-10.1999994,0.246063,158.9413,948.7672548,1.231027984
-10.1499994,0.1968504,151.544,759.0138038,1.17373461
-10.0999994,0.1574803,143.6393,607.2109659,1.112511335
-10.0499994,0.1082677,135.7345,417.457515,1.051287286
-9.9999994,0.0492126,126.8608,189.753451,0.982558937
-9.9499994,0,117.9718,0,0.913712088
-9.8999994,-0.0492126,109.0828,-189.753451,0.844865239
-9.84999941,-0.09842519,100.1938,-379.5068634,0.776018389
-9.79999941,-0.1476378,90.828,-569.2603529,0.703478641
-9.74999941,-0.1870079,79.95509,-721.0631907,0.619266064
-9.69999941,-0.2362205,69.09756,-910.8166417,0.535172608
-9.64999941,-0.2857406,57.74791,-1101.755748,0.447267596
-9.59999941,-0.3251107,46.38287,-1253.558586,0.359243387
-9.54999941,-0.3743233,34.54109,-1443.312037,0.267526743
-9.49999941,-0.4235359,22.20718,-1633.065488,0.171998467
-9.44999942,-0.4730561,9.365772,-1824.00498,0.072539531
-9.39999942,-0.5222687,-3.937008,-2013.758431,-0.030492811
-9.34999942,-0.5714813,-17.27055,-2203.511882,-0.13376341
-9.29999942,-0.6206939,-31.09621,-2393.265333,-0.240845549
-9.24999942,-0.6702141,-44.90649,-2584.204825,-0.347808567
-9.19999942,-0.7292692,-59.22428,-2811.908889,-0.458702339
-9.14999942,-0.7883243,-73.54207,-3039.612953,-0.56959611
-9.09999942,-0.8378445,-88.35199,-3230.552445,-0.684301513
-9.04999943,-0.8968996,-103.1619,-3458.256509,-0.799006839
-8.99999943,-0.9559547,-117.4797,-3685.960573,-0.909900688
-8.94999943,-1.015317,-131.7975,-3914.849135,-1.020794537
-8.89999943,-1.084215,-146.1153,-4180.505355,-1.131688385
-8.84999943,-1.153113,-160.9252,-4446.161574,-1.246393634
-8.79999943,-1.222318,-175.7351,-4713.001521,-1.361098883
-8.74999943,-1.301058,-189.5454,-5016.606426,-1.468062056
-8.69999943,-1.389948,-202.3868,-5359.347599,-1.56752093
-8.64999944,-1.488374,-213.7365,-5738.857585,-1.655426328
-8.59999944,-1.596949,-225.1015,-6157.499985,-1.743450228
-8.54999944,-1.724902,-234.4673,-6650.859883,-1.815989976
-8.49999944,-1.853162,-242.372,-7145.403508,-1.877213251
-8.44999944,-1.991265,-248.785,-7677.899674,-1.92688305
-8.39999944,-2.12906,-253.2296,-8209.208257,-1.961307249
-8.34999944,-2.267163,-258.1662,-8741.704424,-1.999542074
-8.29999944,-2.405266,-261.6265,-9274.20059,-2.026342699
-8.24999945,-2.543369,-265.5635,-9806.696757,-2.056835448
-8.19999945,-2.671321,-268.5316,-10300.0528,-2.079823898
-8.14999945,-2.789739,-271.0076,-10756.64774,-2.099000948
-8.09999945,-2.908157,-273.4682,-11213.24268,-2.118058723
-8.04999945,-3.006582,-275.4367,-11592.74881,-2.133305097
-7.99999945,-3.115157,-276.9285,-12011.39121,-2.144859347
-7.94999945,-3.213583,-278.4049,-12390.9012,-2.156294322
-7.89999945,-3.312315,-280.3888,-12771.59105,-2.171659972
-7.84999946,-3.400898,-281.8651,-13113.1485,-2.183094172
-7.79999946,-3.489788,-283.3415,-13455.88967,-2.194529147
-7.74999946,-3.578371,-284.8333,-13797.44712,-2.206083397
-7.69999946,-3.657419,-286.3096,-14102.23961,-2.217517597
-7.64999946,-3.736159,-287.786,-14405.84451,-2.228952571
-7.59999946,-3.814899,-290.262,-14709.44942,-2.248129622
-7.54999946,-3.884104,-291.2463,-14976.28936,-2.255753196
-7.49999946,-3.953002,-292.2305,-15241.94558,-2.263375996
-7.44999947,-4.022207,-293.2148,-15508.78553,-2.270999571
-7.39999947,-4.091105,-293.7069,-15774.44175,-2.274810971
-7.34999947,-4.15016,-294.6912,-16002.14543,-2.282434545
-7.29999947,-4.209523,-295.6754,-16231.03669,-2.290057345
-7.24999947,-4.27842,-297.1672,-16496.68905,-2.301611595
-7.19999947,-4.327633,-298.1515,-16686.44405,-2.30923517
-7.14999947,-4.386996,-299.6278,-16915.33531,-2.32066937
-7.09999948,-4.446051,-300.6274,-17143.03899,-2.328411446
-7.04999948,-4.495263,-302.1038,-17332.79012,-2.33984642
-6.99999948,-4.544476,-302.5959,-17522.54512,-2.34365782
-6.94999948,-4.603838,-304.0877,-17751.43252,-2.35521207
-6.89999948,-4.653051,-305.072,-17941.18752,-2.362835645
-6.84999948,-4.702264,-305.5641,-18130.94251,-2.366647045
-6.79999948,-4.751476,-305.5641,-18320.69365,-2.366647045
-6.74999948,-4.791154,-305.5641,-18473.68368,-2.366647045
-6.69999949,-4.830524,-306.0562,-18625.48613,-2.370458445
-6.64999949,-4.869894,-306.0562,-18777.28859,-2.370458445
-6.59999949,-4.909264,-307.5326,-18929.09104,-2.381893419
-6.54999949,-4.939099,-307.5326,-19044.12853,-2.381893419
-6.49999949,-4.978469,-308.0247,-19195.93099,-2.385704819
-6.44999949,-5.007997,-308.0247,-19309.78475,-2.385704819
-6.39999949,-5.037525,-309.009,-19423.63852,-2.393328394
-6.34999949,-5.067052,-310.5007,-19537.48843,-2.404881869
-6.2999995,-5.09658,-310.9929,-19651.3422,-2.408694044
-6.2499995,-5.126415,-311.485,-19766.37969,-2.412505444
-6.1999995,-5.1461,-311.485,-19842.28092,-2.412505444
-6.1499995,-5.175627,-311.485,-19956.13083,-2.412505444
-6.0999995,-5.18547,-311.485,-19994.08337,-2.412505444
-6.0499995,-5.205155,-311.9771,-20069.9846,-2.416316844
-5.9999995,-5.22484,-312.4692,-20145.88582,-2.420128244
-5.9499995,-5.244525,-312.4692,-20221.78705,-2.420128244
-5.89999951,-5.254368,-312.9614,-20259.73959,-2.423940419
-5.84999951,-5.26421,-312.9614,-20297.68828,-2.423940419
-5.79999951,-5.274053,-313.4535,-20335.64082,-2.427751819
-5.74999951,-5.283895,-314.4377,-20373.5895,-2.435374619
-5.69999951,-5.303888,-314.9298,-20450.67831,-2.439186019
-5.64999951,-5.31373,-315.422,-20488.627,-2.442998193
-5.59999951,-5.323573,-314.9298,-20526.57954,-2.439186019
-5.54999951,-5.333416,-314.4377,-20564.53208,-2.435374619
-5.49999952,-5.343258,-314.4377,-20602.48076,-2.435374619
-5.44999952,-5.3531,-314.4377,-20640.42945,-2.435374619
-5.39999952,-5.372786,-314.4377,-20716.33453,-2.435374619
-5.34999952,-5.372786,-314.4377,-20716.33453,-2.435374619
-5.29999952,-5.372786,-314.4377,-20716.33453,-2.435374619
-5.24999952,-5.372786,-314.4377,-20716.33453,-2.435374619
-5.19999952,-5.372786,-314.9298,-20716.33453,-2.439186019
-5.14999952,-5.382628,-314.9298,-20754.28322,-2.439186019
-5.09999953,-5.382628,-314.4377,-20754.28322,-2.435374619
-5.04999953,-5.382628,-314.4377,-20754.28322,-2.435374619
-4.99999953,-5.382628,-313.9456,-20754.28322,-2.431563219
-4.94999953,-5.39247,-313.9456,-20792.2319,-2.431563219
-4.89999953,-5.39247,-313.4535,-20792.2319,-2.427751819
-4.84999953,-5.39247,-313.4535,-20792.2319,-2.427751819
-4.79999953,-5.39247,-313.4535,-20792.2319,-2.427751819
-4.74999953,-5.39247,-313.9456,-20792.2319,-2.431563219
-4.69999954,-5.402313,-314.4377,-20830.18444,-2.435374619
-4.64999954,-5.412156,-314.9298,-20868.13698,-2.439186019
-4.59999954,-5.412156,-314.9298,-20868.13698,-2.439186019
-4.54999954,-5.402313,-314.9298,-20830.18444,-2.439186019
-4.49999954,-5.412156,-315.422,-20868.13698,-2.442998193
-4.44999954,-5.412156,-314.9298,-20868.13698,-2.439186019
-4.39999954,-5.412156,-314.9298,-20868.13698,-2.439186019
-4.34999954,-5.402313,-314.4377,-20830.18444,-2.435374619
-4.29999955,-5.39247,-313.9456,-20792.2319,-2.431563219
-4.24999955,-5.372786,-313.9456,-20716.33453,-2.431563219
-4.19999955,-5.3531,-313.9456,-20640.42945,-2.431563219
-4.14999955,-5.333416,-313.4535,-20564.53208,-2.427751819
-4.09999955,-5.30358,-313.4535,-20449.49073,-2.427751819
-4.04999955,-5.274053,-312.9614,-20335.64082,-2.423940419
-3.99999955,-5.244525,-311.9771,-20221.78705,-2.416316844
-3.94999955,-5.214997,-311.485,-20107.93328,-2.412505444
-3.89999956,-5.175627,-310.9929,-19956.13083,-2.408694044
-3.84999956,-5.136257,-310.0086,-19804.32838,-2.401070469
-3.79999956,-5.09658,-309.5165,-19651.3422,-2.397259069
-3.74999956,-5.057209,-308.5322,-19499.53589,-2.389635495
-3.69999956,-5.007997,-306.5483,-19309.78475,-2.374269845
-3.64999956,-4.968627,-306.0562,-19157.9823,-2.370458445
-3.59999956,-4.919107,-305.5641,-18967.04358,-2.366647045
-3.54999956,-4.860052,-305.072,-18739.3399,-2.362835645
-3.49999957,-4.810839,-304.0877,-18549.58491,-2.35521207
-3.44999957,-4.761319,-303.0881,-18358.64619,-2.347469995
-3.39999957,-4.702264,-302.1038,-18130.94251,-2.33984642
-3.34999957,-4.643209,-301.1196,-17903.23883,-2.33222362
-3.29999957,-4.593996,-300.6274,-17713.48384,-2.328411446
-3.24999957,-4.534633,-299.1357,-17484.59258,-2.31685797
-3.19999957,-4.475578,-298.1515,-17256.8889,-2.30923517
-3.14999957,-4.416523,-296.6751,-17029.18522,-2.297800195
-3.09999958,-4.347318,-296.183,-16762.34527,-2.293988795
-3.04999958,-4.27842,-295.1833,-16496.68905,-2.286245945
-2.99999958,-4.219365,-294.199,-16268.98537,-2.278622371
-2.94999958,-4.160002,-293.7069,-16040.09411,-2.274810971
-2.89999958,-4.100947,-293.2148,-15812.39043,-2.270999571
-2.84999958,-4.03205,-292.7227,-15546.73807,-2.267188171
-2.79999958,-3.972687,-291.7384,-15317.84681,-2.259564596
-2.74999958,-3.913632,-290.7542,-15090.14313,-2.251941796
-2.69999959,-3.854577,-289.7545,-14862.43945,-2.244198946
-2.64999959,-3.795214,-288.2781,-14633.54819,-2.232763971
-2.59999959,-3.736159,-286.8018,-14405.84451,-2.221329771
-2.54999959,-3.677104,-285.3254,-14178.14083,-2.209894797
-2.49999959,-3.607899,-283.8336,-13911.30089,-2.198340547
-2.44999959,-3.558686,-282.3573,-13721.54589,-2.186906347
-2.39999959,-3.499631,-280.8809,-13493.84221,-2.175471372
-2.3499996,-3.440268,-279.8813,-13264.95095,-2.167729297
-2.2999996,-3.381213,-278.4049,-13037.24727,-2.156294322
-2.2499996,-3.322158,-277.4206,-12809.54359,-2.148670747
-2.1999996,-3.263103,-276.4364,-12581.83992,-2.141047947
-2.1499996,-3.193898,-274.9446,-12314.99997,-2.129493697
-2.0999996,-3.125,-273.4682,-12049.34375,-2.118058723
-2.0499996,-3.055795,-272.484,-11782.5038,-2.110435923
-1.9999996,-2.986897,-271.4997,-11516.84758,-2.102812348
-1.94999961,-2.918,-270.0233,-11251.19522,-2.091377374
-1.89999961,-2.848794,-268.0395,-10984.35142,-2.076012498
-1.84999961,-2.789739,-267.0552,-10756.64774,-2.068388924
-1.79999961,-2.710999,-265.5789,-10453.04283,-2.056954724
-1.74999961,-2.651636,-264.0871,-10224.15157,-2.045400473
-1.69999961,-2.582739,-263.1028,-9958.499209,-2.037776899
-1.64999961,-2.513841,-261.6265,-9692.842989,-2.026342699
-1.59999961,-2.444636,-259.6426,-9426.003042,-2.010977049
-1.54999962,-2.375738,-258.1662,-9160.346823,-1.999542074
-1.49999962,-2.316683,-257.1819,-8932.643145,-1.9919185
-1.44999962,-2.237635,-255.2135,-8627.850657,-1.9766729
-1.39999962,-2.168738,-253.7217,-8362.198293,-1.965118649
-1.34999962,-2.08969,-252.7374,-8057.405805,-1.957495075
-1.29999962,-2.020792,-250.2768,-7791.749586,-1.9384373
-1.24999962,-1.941745,-248.2929,-7486.960954,-1.92307165
-1.19999962,-1.863004,-246.8165,-7183.352193,-1.911636676
-1.14999963,-1.784264,-244.848,-6879.747289,-1.896390301
-1.09999963,-1.695374,-243.3563,-6537.006115,-1.884836825
-1.04999963,-1.616634,-241.3878,-6233.401211,-1.869590451
-0.99999963,-1.537586,-239.4039,-5928.608723,-1.854224801
-0.94999963,-1.458846,-236.4511,-5625.003818,-1.831354852
-0.89999963,-1.369956,-234.4673,-5282.262645,-1.815989976
-0.84999963,-1.281373,-232.0066,-4940.7052,-1.796931427
-0.79999963,-1.19279,-229.5306,-4599.147754,-1.777754377
-0.74999964,-1.1039,-227.07,-4256.406581,-1.758696602
-0.69999964,-1.02516,-223.6097,-3952.801676,-1.731895978
-0.64999964,-0.9362697,-220.657,-3610.059347,-1.709026803
-0.59999964,-0.847687,-216.7046,-3268.503058,-1.678414778
-0.54999964,-0.7587968,-213.7365,-2925.761113,-1.655426328
-0.49999964,-0.6800566,-209.2919,-2622.155438,-1.621002129
-0.44999964,-0.6108513,-204.8474,-2355.314334,-1.586578704
-0.39999964,-0.5419537,-199.4187,-2089.659657,-1.54453248
-0.34999965,-0.4730561,-193.9899,-1824.00498,-1.50248548
-0.29999965,-0.4038509,-188.069,-1557.164262,-1.456627081
-0.24999965,-0.3447958,-181.656,-1329.460198,-1.406957282
-0.19999965,-0.2857406,-176.2272,-1101.755748,-1.364910283
-0.14999965,-0.2263779,-168.8146,-872.865643,-1.307498408
-0.09999965,-0.1870079,-162.4016,-721.0631907,-1.257828608
-0.04999965,-0.1377953,-154.9889,-531.3097398,-1.200415959
0.00000035,-0.08858268,-147.0995,-341.5562117,-1.139311185
0.05000034,-0.03937008,-138.7026,-151.8027608,-1.074275736
0.10000034,0.00984252,-129.8136,37.95069019,-1.005428886
0.15000034,0.0492126,-120.4324,189.753451,-0.932769863
0.20000034,0.08858268,-109.5749,341.5562117,-0.848676639
0.25000034,0.1279528,-99.70164,493.3591267,-0.772206524
0.30000034,0.1771654,-88.84412,683.1125777,-0.688113146
0.35000034,0.2263779,-77.00233,872.865643,-0.596396425
0.40000034,0.265748,-66.12943,1024.668481,-0.512183925
0.45000033,0.3054257,-54.28764,1177.65736,-0.420467204
0.50000033,0.3546383,-41.95374,1367.410811,-0.324939006
0.55000033,0.4038509,-30.09658,1557.164262,-0.233103241
0.60000033,0.4530635,-17.27055,1746.917713,-0.13376341
0.65000033,0.5025837,-3.937008,1937.857205,-0.030492811
0.70000033,0.5517963,10.35002,2127.610656,0.080162703
0.75000033,0.6010088,23.68356,2317.363721,0.183433287
0.80000033,0.660064,38.00135,2545.068171,0.294327058
0.85000032,0.7194267,52.81126,2773.958276,0.409032384
0.90000032,0.7686393,67.12906,2963.711727,0.519926233
0.95000032,0.828002,81.93897,3192.601832,0.634631559
1.00000032,0.8870571,97.24101,3420.305896,0.753148518
1.05000032,0.9362697,112.0509,3610.059347,0.867853689
1.10000032,1.005167,126.8608,3875.712867,0.982558937
1.15000032,1.074373,142.1629,4142.55667,1.101076361
1.20000032,1.133428,156.9728,4370.260348,1.215781609
1.25000031,1.202633,170.7831,4637.100295,1.322744782
1.30000031,1.291216,184.1166,4978.657741,1.426015056
1.35000031,1.389641,196.4659,5358.163871,1.521662531
1.40000031,1.488374,206.3392,5738.857585,1.598132954
1.45000031,1.616634,216.7046,6233.401211,1.678414778
1.50000031,1.734744,224.594,6688.808568,1.739519552
1.55000031,1.863004,231.0224,7183.352193,1.789308627
1.60000031,2.001107,236.4511,7715.84836,1.831354852
1.6500003,2.138903,241.8799,8247.160798,1.873401851
1.7000003,2.277005,245.8323,8779.653109,1.904013876
1.7500003,2.405266,249.7847,9274.20059,1.9346259
1.8000003,2.543369,253.7217,9806.696757,1.965118649
1.8500003,2.661479,256.1977,10262.10411,1.9842957
1.9000003,2.779897,258.6583,10718.69905,2.003353474
1.9500003,2.888472,261.6265,11137.34145,2.026342699
2.0000003,2.99674,264.0871,11554.80012,2.045400473
2.05000029,3.105315,265.5789,11973.44252,2.056954724
2.10000029,3.20374,267.5474,12352.94865,2.072201098
2.15000029,3.302473,269.5159,12733.64237,2.087447473
2.20000029,3.391056,271.0076,13075.19981,2.099000948
2.25000029,3.469796,272.484,13378.80472,2.110435923
2.30000029,3.558686,273.9604,13721.54589,2.121870897
2.35000029,3.637426,274.9446,14025.1508,2.129493697
2.40000028,3.726316,276.4364,14367.89197,2.141047947
2.45000028,3.795214,277.9128,14633.54819,2.152482922
2.50000028,3.864419,279.3891,14900.38814,2.163917122
2.55000028,3.933317,280.8809,15166.04436,2.175471372
2.60000028,3.992372,281.8651,15393.74803,2.183094172
2.65000028,4.061577,283.3415,15660.58798,2.194529147
2.70000028,4.120632,284.8333,15888.29166,2.206083397
2.75000028,4.179688,285.8175,16115.99919,2.213706197
2.80000027,4.229208,286.3096,16306.93791,2.217517597
2.85000027,4.288263,286.8018,16534.64159,2.221329771
2.90000027,4.347318,287.786,16762.34527,2.228952571
2.95000027,4.406681,287.786,16991.23653,2.228952571
3.00000027,4.465736,288.7703,17218.94021,2.236576146
3.05000027,4.524791,288.7703,17446.64389,2.236576146
3.10000027,4.564161,289.2624,17598.44634,2.240387546
3.15000027,4.613681,290.262,17789.38506,2.248129622
3.20000026,4.662894,291.7384,17979.14006,2.259564596
3.25000026,4.702264,292.2305,18130.94251,2.263375996
3.30000026,4.741634,292.7227,18282.74496,2.267188171
3.35000026,4.781312,293.2148,18435.735,2.270999571
3.40000026,4.820682,293.7069,18587.53745,2.274810971
3.45000026,4.850209,294.6912,18701.38736,2.282434545
3.50000026,4.899422,295.6754,18891.14235,2.290057345
3.55000026,4.939099,296.183,19044.12853,2.293988795
3.60000025,4.978469,296.6751,19195.93099,2.297800195
3.65000025,5.017839,297.6593,19347.73344,2.305422995
3.70000025,5.037525,297.6593,19423.63852,2.305422995
3.75000025,5.057209,298.6436,19499.53589,2.31304657
3.80000025,5.076895,298.6436,19575.44097,2.31304657
3.85000025,5.10673,299.1357,19690.47847,2.31685797
3.90000025,5.126415,299.1357,19766.37969,2.31685797
3.95000025,5.1461,298.6436,19842.28092,2.31304657
4.00000024,5.155942,298.6436,19880.2296,2.31304657
4.05000024,5.175627,299.1357,19956.13083,2.31685797
4.10000024,5.195313,299.6278,20032.03591,2.32066937
4.15000024,5.214997,300.1353,20107.93328,2.324600046
4.20000024,5.234683,300.6274,20183.83836,2.328411446
4.25000024,5.244525,300.6274,20221.78705,2.328411446
4.30000024,5.254368,301.1196,20259.73959,2.33222362
4.35000024,5.26421,301.6117,20297.68828,2.33603502
4.40000023,5.274053,301.6117,20335.64082,2.33603502
4.45000023,5.274053,301.6117,20335.64082,2.33603502
4.50000023,5.284203,301.1196,20374.77709,2.33222362
4.55000023,5.284203,301.1196,20374.77709,2.33222362
4.60000023,5.294045,300.6274,20412.72577,2.328411446
4.65000023,5.303888,300.6274,20450.67831,2.328411446
4.70000023,5.31373,300.1353,20488.627,2.324600046
4.75000023,5.31373,300.1353,20488.627,2.324600046
4.80000022,5.323573,300.6274,20526.57954,2.328411446
4.85000022,5.323573,300.1353,20526.57954,2.324600046
4.90000022,5.333416,300.1353,20564.53208,2.324600046
4.95000022,5.343258,299.6278,20602.48076,2.32066937
5.00000022,5.343258,300.1353,20602.48076,2.324600046
5.05000022,5.343258,300.1353,20602.48076,2.324600046
5.10000022,5.343258,299.6278,20602.48076,2.32066937
5.15000022,5.3531,300.1353,20640.42945,2.324600046
5.20000021,5.3531,299.6278,20640.42945,2.32066937
5.25000021,5.362943,299.6278,20678.38199,2.32066937
5.30000021,5.362943,300.1353,20678.38199,2.324600046
5.35000021,5.362943,300.6274,20678.38199,2.328411446
5.40000021,5.362943,300.6274,20678.38199,2.328411446
5.45000021,5.362943,301.1196,20678.38199,2.33222362
5.50000021,5.362943,301.6117,20678.38199,2.33603502
5.55000021,5.362943,301.1196,20678.38199,2.33222362
5.6000002,5.3531,301.1196,20640.42945,2.33222362
5.6500002,5.3531,301.1196,20640.42945,2.33222362
5.7000002,5.343258,300.6274,20602.48076,2.328411446
5.7500002,5.333416,300.1353,20564.53208,2.324600046
5.8000002,5.313423,300.1353,20487.44327,2.324600046
5.8500002,5.293738,299.6278,20411.54204,2.32066937
5.9000002,5.26421,299.1357,20297.68828,2.31685797
5.9500002,5.234683,298.1515,20183.83836,2.30923517
6.00000019,5.205155,297.6593,20069.9846,2.305422995
6.05000019,5.165785,297.1672,19918.18215,2.301611595
6.10000019,5.136257,297.1672,19804.32838,2.301611595
6.15000019,5.086737,296.183,19613.38966,2.293988795
6.20000019,5.047367,295.1833,19461.5872,2.286245945
6.25000019,5.007997,294.6912,19309.78475,2.282434545
6.30000019,4.968627,294.199,19157.9823,2.278622371
6.35000019,4.919415,294.199,18968.23116,2.278622371
6.40000018,4.879737,293.7069,18815.24113,2.274810971
6.45000018,4.830524,292.2305,18625.48613,2.263375996
6.50000018,4.771469,291.2463,18397.78246,2.255753196
6.55000018,4.731791,290.7542,18244.79242,2.251941796
6.60000018,4.682579,289.7545,18055.04128,2.244198946
6.65000018,4.623524,288.7703,17827.3376,2.236576146
6.70000018,4.564468,287.2939,17599.63007,2.225141171
6.75000018,4.514948,286.3096,17408.69135,2.217517597
6.80000017,4.455893,285.3254,17180.98767,2.209894797
6.85000017,4.396838,284.8333,16953.28399,2.206083397
6.90000017,4.337475,283.3415,16724.39273,2.194529147
6.95000017,4.268578,282.3573,16458.74037,2.186906347
7.00000017,4.19968,281.373,16193.08415,2.179282772
7.05000017,4.140317,280.3888,15964.19289,2.171659972
7.10000017,4.081262,279.3891,15736.48921,2.163917122
7.15000016,4.012365,277.9128,15470.83684,2.152482922
7.20000016,3.943159,275.9442,15203.99304,2.137235773
7.25000016,3.884104,274.9446,14976.28936,2.129493697
7.30000016,3.825049,273.9604,14748.58568,2.121870897
7.35000016,3.765687,273.4682,14519.69828,2.118058723
7.40000016,3.706631,273.4682,14291.99074,2.118058723
7.45000016,3.647269,271.9919,14063.10334,2.106624523
7.50000016,3.578371,271.0076,13797.44712,2.099000948
7.55000015,3.519316,271.0076,13569.74344,2.099000948
7.60000015,3.459953,270.5155,13340.85218,2.095189548
7.65000015,3.391056,269.5159,13075.19981,2.087447473
7.70000015,3.332,268.0395,12847.49228,2.076012498
7.75000015,3.272638,266.071,12618.60487,2.060766124
7.80000015,3.213583,264.0871,12390.9012,2.045400473
7.85000015,3.144685,263.1028,12125.24498,2.037776899
7.90000015,3.08563,262.1186,11897.5413,2.030154099
7.95000014,3.016425,259.6426,11630.70135,2.010977049
8.00000014,2.947527,258.1662,11365.04513,1.999542074
8.05000014,2.888472,257.1819,11137.34145,1.9919185
8.10000014,2.819267,256.1977,10870.50151,1.9842957
8.15000014,2.750369,255.2135,10604.84529,1.9766729
8.20000014,2.681164,253.7217,10338.00534,1.965118649
8.25000014,2.612266,252.2453,10072.34912,1.953683675
8.30000014,2.553211,250.769,9844.645442,1.942249475
8.35000013,2.484006,249.7847,9577.805495,1.9346259
8.40000013,2.424951,248.785,9350.101816,1.92688305
8.45000013,2.356053,246.8165,9084.445597,1.911636676
8.50000013,2.286848,245.8323,8817.60565,1.904013876
8.55000013,2.21795,243.8484,8551.949431,1.888648225
8.60000013,2.148745,242.372,8285.109484,1.877213251
8.65000013,2.079847,240.8957,8019.453264,1.865779051
8.70000013,2.001107,239.4039,7715.84836,1.854224801
8.75000012,1.931902,237.9275,7449.008413,1.842789826
8.80000012,1.843319,235.959,7107.450967,1.827543452
8.85000012,1.764579,233.9751,6803.846062,1.812177802
8.90000012,1.675689,232.4987,6461.104889,1.800742827
8.95000012,1.596949,230.5302,6157.499985,1.785496453
9.00000012,1.508059,228.0542,5814.758812,1.766319402
9.05000012,1.419476,225.5936,5473.201366,1.747261628
9.10000012,1.330586,223.1176,5130.460193,1.728084578
9.15000011,1.242003,220.1649,4788.902747,1.705215403
9.20000011,1.162955,217.6888,4484.110259,1.686037578
9.25000011,1.074373,215.2282,4142.55667,1.666979804
9.30000011,0.9854823,211.2758,3799.812798,1.636367779
9.35000011,0.8968996,208.3077,3458.256509,1.613379329
9.40000011,0.8178518,204.8474,3153.464792,1.586578704
9.45000011,0.7391117,200.4183,2849.859502,1.552274555
9.50000011,0.6603715,196.958,2546.253826,1.525473931
9.5500001,0.5813238,192.5135,2241.462495,1.491050506
9.6000001,0.5124262,188.069,1975.807818,1.456627081
9.6500001,0.443221,182.6402,1708.9671,1.414580082
9.7000001,0.3841659,177.2115,1481.263036,1.372533857
9.7500001,0.3251107,170.7985,1253.558586,1.322864058
9.8000001,0.265748,164.3701,1024.668481,1.273074983
9.8500001,0.2165354,157.957,834.91503,1.223404409
9.9000001,0.1673228,150.0523,645.161579,1.162181134
9.95000009,0.1279528,142.1629,493.3591267,1.101076361
10.00000009,0.07874016,133.2739,303.6055215,1.032229511
10.05000009,0.02952756,124.877,113.8520706,0.967194062
10.10000009,-0.01968504,115.4958,-75.90138038,0.894535038
10.15000009,-0.06889763,106.1147,-265.6547928,0.821876788
10.20000009,-0.1181102,96.74889,-455.4081281,0.749336963
10.25000009,-0.1673228,86.3681,-645.161579,0.668935941
10.30000009,-0.2165354,76.00271,-834.91503,0.588654194
10.35000008,-0.2660556,65.6373,-1025.854522,0.508372293
10.40000008,-0.3152682,54.28764,-1215.607973,0.420467204
10.45000008,-0.3644808,42.44586,-1405.361424,0.32875056
10.50000008,-0.4038509,30.5887,-1557.164262,0.236914796
10.55000008,-0.4530635,17.76267,-1746.917713,0.137574965
10.60000008,-0.4927411,4.429133,-1899.906206,0.034304405
10.65000008,-0.5419537,-7.889394,-2089.659657,-0.061104727
10.70000008,-0.5911663,-21.22293,-2279.413108,-0.16437528
10.75000007,-0.640379,-35.03321,-2469.166944,-0.271338298
10.80000007,-0.6898991,-48.85888,-2660.106051,-0.378420515
10.85000007,-0.7391117,-63.17667,-2849.859502,-0.489314286
10.90000007,-0.7981668,-77.49446,-3077.563566,-0.600208057
10.95000007,-0.847687,-91.81225,-3268.503058,-0.711101828
11.00000007,-0.9067421,-106.1147,-3496.207122,-0.821876788
11.05000007,-0.9657972,-121.9242,-3723.911186,-0.944324113
11.10000007,-1.02516,-137.7184,-3952.801676,-1.066652936
11.15000006,-1.094058,-153.5125,-4218.457896,-1.188980985
11.20000006,-1.162955,-168.3224,-4484.110259,-1.303686233
11.25000006,-1.23216,-182.6402,-4750.950206,-1.414580082
11.30000006,-1.310901,-195.4817,-5054.558967,-1.514039731
11.35000006,-1.409633,-207.3234,-5435.248825,-1.605755754
11.40000006,-1.517901,-218.6731,-5852.707497,-1.693661153
11.45000006,-1.626476,-228.0542,-6271.349896,-1.766319402
11.50000006,-1.754429,-235.959,-6764.709794,-1.827543452
11.55000005,-1.882689,-242.372,-7259.253419,-1.877213251
11.60000005,-2.020792,-248.785,-7791.749586,-1.92688305
11.65000005,-2.168738,-253.7217,-8362.198293,-1.965118649
11.70000005,-2.306533,-258.6583,-8893.506876,-2.003353474
11.75000005,-2.434793,-262.6107,-9388.050501,-2.033965499
11.80000005,-2.563054,-266.071,-9882.597983,-2.060766124
11.85000005,-2.691314,-269.0237,-10377.14161,-2.083635298
11.90000004,-2.809424,-271.4997,-10832.54896,-2.102812348
11.95000004,-2.918,-273.9604,-11251.19522,-2.121870897
12.00000004,-3.026267,-275.9442,-11668.65004,-2.137235773
12.05000004,-3.125,-278.4049,-12049.34375,-2.156294322
12.10000004,-3.223425,-279.8813,-12428.84988,-2.167729297
12.15000004,-3.322158,-281.8651,-12809.54359,-2.183094172
12.20000004,-3.410741,-283.3415,-13151.10104,-2.194529147
12.25000004,-3.499631,-284.8333,-13493.84221,-2.206083397
12.30000003,-3.578371,-286.8018,-13797.44712,-2.221329771
12.35000003,-3.667261,-288.2781,-14140.18829,-2.232763971
12.40000003,-3.746001,-289.2624,-14443.7932,-2.240387546
12.45000003,-3.814899,-289.7545,-14709.44942,-2.244198946
12.50000003,-3.884104,-291.2463,-14976.28936,-2.255753196
12.55000003,-3.953002,-292.2305,-15241.94558,-2.263375996
12.60000003,-4.022207,-293.7069,-15508.78553,-2.274810971
12.65000003,-4.091105,-294.6912,-15774.44175,-2.282434545
12.70000002,-4.160002,-295.6754,-16040.09411,-2.290057345
12.75000002,-4.219365,-296.6751,-16268.98537,-2.297800195
12.80000002,-4.27842,-297.6593,-16496.68905,-2.305422995
12.85000002,-4.337475,-298.6436,-16724.39273,-2.31304657
12.90000002,-4.396838,-299.1357,-16953.28399,-2.31685797
12.95000002,-4.455893,-299.6278,-17180.98767,-2.32066937
13.00000002,-4.505106,-300.1353,-17370.74266,-2.324600046
13.05000002,-4.554318,-301.6117,-17560.4938,-2.33603502
13.10000001,-4.593996,-302.1038,-17713.48384,-2.33984642
13.15000001,-4.633366,-302.5959,-17865.28629,-2.34365782
13.20000001,-4.682579,-303.5802,-18055.04128,-2.351281395
13.25000001,-4.731791,-304.0877,-18244.79242,-2.35521207
13.30000001,-4.781312,-305.5641,-18435.735,-2.366647045
13.35000001,-4.820682,-306.5483,-18587.53745,-2.374269845
13.40000001,-4.860052,-307.0405,-18739.3399,-2.378082019
13.45000001,-4.889579,-307.5326,-18853.18981,-2.381893419
13.5,-4.929257,-308.5168,-19006.17985,-2.389516219
13.55,-4.978469,-309.009,-19195.93099,-2.393328394
13.6,-5.007997,-309.5011,-19309.78475,-2.397139794
13.65,-5.037525,-310.5007,-19423.63852,-2.404881869
13.7,-5.067052,-310.9929,-19537.48843,-2.408694044
13.75,-5.09658,-311.485,-19651.3422,-2.412505444
13.8,-5.136257,-311.9771,-19804.32838,-2.416316844
13.85,-5.165785,-311.9771,-19918.18215,-2.416316844
13.89999999,-5.18547,-311.9771,-19994.08337,-2.416316844
13.94999999,-5.205155,-312.4692,-20069.9846,-2.420128244
13.99999999,-5.22484,-312.4692,-20145.88582,-2.420128244
14.04999999,-5.244525,-312.4692,-20221.78705,-2.420128244
14.09999999,-5.26421,-312.4692,-20297.68828,-2.420128244
14.14999999,-5.274053,-312.4692,-20335.64082,-2.420128244
14.19999999,-5.283895,-312.9614,-20373.5895,-2.423940419
14.24999999,-5.30358,-313.4535,-20449.49073,-2.427751819
14.29999998,-5.323573,-313.9456,-20526.57954,-2.431563219
14.34999998,-5.323573,-313.9456,-20526.57954,-2.431563219
14.39999998,-5.333416,-314.4377,-20564.53208,-2.435374619
14.44999998,-5.343258,-314.9298,-20602.48076,-2.439186019
14.49999998,-5.343258,-314.9298,-20602.48076,-2.439186019
14.54999998,-5.3531,-315.422,-20640.42945,-2.442998193
14.59999998,-5.3531,-314.9298,-20640.42945,-2.439186019
14.64999998,-5.3531,-314.9298,-20640.42945,-2.439186019
14.69999997,-5.3531,-313.9456,-20640.42945,-2.431563219
14.74999997,-5.362943,-314.4377,-20678.38199,-2.435374619
14.79999997,-5.362943,-314.4377,-20678.38199,-2.435374619
14.84999997,-5.362943,-313.9456,-20678.38199,-2.431563219
14.89999997,-5.372786,-313.9456,-20716.33453,-2.431563219
14.94999997,-5.372786,-313.9456,-20716.33453,-2.431563219
14.99999997,-5.372786,-314.4377,-20716.33453,-2.435374619
15.04999997,-5.382628,-314.4377,-20754.28322,-2.435374619
15.09999996,-5.39247,-314.9298,-20792.2319,-2.439186019
15.14999996,-5.39247,-314.4377,-20792.2319,-2.435374619
15.19999996,-5.402313,-314.4377,-20830.18444,-2.435374619
15.24999996,-5.412156,-314.4377,-20868.13698,-2.435374619
15.29999996,-5.412156,-313.9456,-20868.13698,-2.431563219
15.34999996,-5.412156,-313.4535,-20868.13698,-2.427751819
15.39999996,-5.412156,-312.9614,-20868.13698,-2.423940419
15.44999996,-5.412156,-312.4692,-20868.13698,-2.420128244
15.49999995,-5.412156,-312.4692,-20868.13698,-2.420128244
15.54999995,-5.412156,-312.4692,-20868.13698,-2.420128244
15.59999995,-5.402313,-311.9771,-20830.18444,-2.416316844
15.64999995,-5.39247,-312.4692,-20792.2319,-2.420128244
15.69999995,-5.382628,-312.4692,-20754.28322,-2.420128244
15.74999995,-5.372786,-312.4692,-20716.33453,-2.420128244
15.79999995,-5.372786,-312.4692,-20716.33453,-2.420128244
15.84999995,-5.3531,-312.4692,-20640.42945,-2.420128244
15.89999994,-5.333416,-311.9771,-20564.53208,-2.416316844
15.94999994,-5.313423,-311.9771,-20487.44327,-2.416316844
15.99999994,-5.283895,-311.9771,-20373.5895,-2.416316844
16.04999994,-5.254368,-310.9929,-20259.73959,-2.408694044
16.09999994,-5.214997,-310.9929,-20107.93328,-2.408694044
16.14999994,-5.18547,-310.5007,-19994.08337,-2.404881869
16.19999994,-5.136257,-310.0086,-19804.32838,-2.401070469
16.24999994,-5.086737,-309.009,-19613.38966,-2.393328394
16.29999993,-5.037525,-308.5168,-19423.63852,-2.389516219
16.34999993,-4.988312,-307.5326,-19233.88353,-2.381893419
16.39999993,-4.948942,-306.0562,-19082.08107,-2.370458445
16.44999993,-4.899422,-305.072,-18891.14235,-2.362835645
16.49999993,-4.850209,-304.0877,-18701.38736,-2.35521207
16.54999993,-4.800996,-302.5959,-18511.63237,-2.34365782
16.59999993,-4.751476,-301.6117,-18320.69365,-2.33603502
16.64999992,-4.702264,-300.6274,-18130.94251,-2.328411446
16.69999992,-4.643209,-299.6278,-17903.23883,-2.32066937
16.74999992,-4.584154,-298.6436,-17675.53515,-2.31304657
16.79999992,-4.514948,-298.6436,-17408.69135,-2.31304657
16.84999992,-4.455893,-297.1672,-17180.98767,-2.301611595
16.89999992,-4.396838,-295.6908,-16953.28399,-2.290176621
16.94999992,-4.327633,-294.6912,-16686.44405,-2.282434545
16.99999992,-4.268578,-293.2148,-16458.74037,-2.270999571
17.04999991,-4.209215,-292.2305,-16229.8491,-2.263375996
17.09999991,-4.15016,-291.2463,-16002.14543,-2.255753196
17.14999991,-4.091105,-290.262,-15774.44175,-2.248129622
17.19999991,-4.03205,-288.7856,-15546.73807,-2.236694647
17.24999991,-3.972687,-288.2781,-15317.84681,-2.232763971
17.29999991,-3.913632,-287.2939,-15090.14313,-2.225141171
17.34999991,-3.854577,-286.3096,-14862.43945,-2.217517597
17.39999991,-3.795214,-285.3254,-14633.54819,-2.209894797
17.4499999,-3.736159,-284.3411,-14405.84451,-2.202271222
17.4999999,-3.677104,-283.3415,-14178.14083,-2.194529147
17.5499999,-3.617741,-281.8651,-13949.24957,-2.183094172
17.5999999,-3.568528,-280.3888,-13759.49458,-2.171659972
17.6499999,-3.499631,-279.3891,-13493.84221,-2.163917122
17.6999999,-3.430426,-278.4049,-13227.00227,-2.156294322
17.7499999,-3.371371,-277.9128,-12999.29859,-2.152482922
17.7999999,-3.302473,-276.9285,-12733.64237,-2.144859347
17.84999989,-3.233268,-275.9289,-12466.80242,-2.137117272
17.89999989,-3.16437,-274.9446,-12201.1462,-2.129493697
17.94999989,-3.095472,-273.9604,-11935.48998,-2.121870897
17.99999989,-3.026267,-272.9761,-11668.65004,-2.114247323
18.04999989,-2.95737,-271.9919,-11402.99767,-2.106624523
18.09999989,-2.898314,-271.0076,-11175.29014,-2.099000948
18.14999989,-2.829109,-269.5159,-10908.45019,-2.087447473
18.19999989,-2.760212,-268.0395,-10642.79783,-2.076012498
18.24999988,-2.691314,-266.5631,-10377.14161,-2.064577524
18.29999988,-2.622109,-265.0867,-10110.30166,-2.053142549
18.34999988,-2.563054,-262.6107,-9882.597983,-2.033965499
18.39999988,-2.493848,-261.1343,-9615.75418,-2.022530524
18.44999988,-2.434793,-259.6426,-9388.050501,-2.010977049
18.49999988,-2.365896,-257.6741,-9122.398138,-1.995730674
18.54999988,-2.29669,-256.1977,-8855.554335,-1.9842957
18.59999988,-2.227793,-255.7056,-8589.901971,-1.9804843
18.64999987,-2.158895,-253.7217,-8324.245752,-1.965118649
18.69999987,-2.08969,-252.2453,-8057.405805,-1.953683675
18.74999987,-2.01095,-251.2611,-7753.800901,-1.946060875
18.79999987,-1.931902,-249.2772,-7449.008413,-1.930695225
18.84999987,-1.853162,-247.8008,-7145.403508,-1.91926025
18.89999987,-1.774422,-246.3244,-6841.798603,-1.907825276
18.94999987,-1.695374,-244.3405,-6537.006115,-1.892459625
18.99999987,-1.606791,-241.3878,-6195.44867,-1.869590451
19.04999986,-1.517901,-238.9118,-5852.707497,-1.850413401
19.09999986,-1.439161,-236.4511,-5549.102592,-1.831354852
19.14999986,-1.350271,-234.4673,-5206.361419,-1.815989976
19.19999986,-1.261688,-232.4987,-4864.803974,-1.800742827
19.24999986,-1.172798,-229.0385,-4522.0628,-1.773942977
19.29999986,-1.084215,-225.5936,-4180.505355,-1.747261628
19.34999986,-0.9953248,-222.1334,-3837.763411,-1.720461778
19.39999986,-0.9165847,-218.6731,-3534.15812,-1.693661153
19.44999985,-0.8378445,-216.2125,-3230.552445,-1.674603378
19.49999985,-0.7489542,-212.2601,-2887.810115,-1.643991354
19.54999985,-0.6702141,-208.3077,-2584.204825,-1.613379329
19.59999985,-0.5911663,-203.371,-2279.413108,-1.57514373
19.64999985,-0.5222687,-198.9265,-2013.758431,-1.540720305
19.69999985,-0.4530635,-193.9899,-1746.917713,-1.50248548
19.74999985,-0.3940084,-188.069,-1519.213649,-1.456627081
19.79999985,-0.3349532,-182.1481,-1291.509199,-1.410768682
19.84999984,-0.2758981,-175.2276,-1063.805135,-1.357168207
19.89999984,-0.2263779,-167.8303,-872.865643,-1.299874833
19.94999984,-0.1771654,-159.9256,-683.1125777,-1.238651558
19.99999984,-0.1377953,-152.0362,-531.3097398,-1.177546785
20.04999984,-0.08858268,-142.655,-341.5562117,-1.104887761
20.09999984,-0.0492126,-133.766,-189.753451,-1.036040911
20.14999984,-0.00984252,-124.877,-37.95069019,-0.967194062
20.19999984,0.02952756,-115.0037,113.8520706,-0.890723638
20.24999983,0.07874016,-105.1304,303.6055215,-0.814253214
20.29999983,0.1279528,-94.765,493.3591267,-0.73397139
20.34999983,0.1771654,-83.90747,683.1125777,-0.649877934
20.39999983,0.2263779,-72.55782,872.865643,-0.561972922
20.44999983,0.2758981,-61.68491,1063.805135,-0.477760345
20.49999983,0.3251107,-49.35101,1253.558586,-0.382232147
20.54999983,0.3841659,-37.0171,1481.263036,-0.286703871
20.59999983,0.443221,-24.66781,1708.9671,-0.191056474
20.64999982,0.4828986,-11.34966,1861.955593,-0.087905089
20.69999982,0.5321112,1.968504,2051.709044,0.015246405
20.74999982,0.5813238,16.28629,2241.462495,0.126140146
20.79999982,0.6305364,30.09658,2431.215946,0.233103241
20.84999982,0.6800566,44.41437,2622.155438,0.343997012
20.89999982,0.7391117,58.73215,2849.859502,0.454890706
20.94999982,0.7981668,72.55782,3077.563566,0.561972922
20.99999982,0.847687,87.36774,3268.503058,0.676678326
21.04999981,0.9067421,102.1777,3496.207122,0.791384039
21.09999981,0.9657972,116.9876,3723.911186,0.906089288
21.14999981,1.02516,130.7979,3952.801676,1.013052461
21.19999981,1.094058,144.6235,4218.457896,1.120134135
21.24999981,1.162955,159.4334,4484.110259,1.234839384
21.29999981,1.23216,173.2591,4750.950206,1.341921832
21.34999981,1.320743,187.0847,5092.507652,1.449003507
21.3999998,1.419476,199.4187,5473.201366,1.54453248
21.4499998,1.527744,209.7841,5890.660038,1.624814303
21.4999998,1.646161,219.1652,6347.251122,1.697472553
21.5499998,1.774422,227.5621,6841.798603,1.762508002
21.5999998,1.912217,235.4669,7373.107186,1.823732052
21.6499998,2.05032,240.4035,7905.603353,1.861966876
21.6999998,2.198265,245.3402,8476.048204,1.900202476
21.7499998,2.336368,249.2772,9008.544371,1.930695225
21.79999979,2.464321,252.2453,9501.904269,1.953683675
21.84999979,2.592581,255.7056,9996.447894,1.9804843
21.89999979,2.710999,258.6583,10453.04283,2.003353474
21.94999979,2.829109,261.1343,10908.45019,2.022530524
21.99999979,2.937685,263.595,11327.09645,2.041589073
22.04999979,3.03611,266.071,11706.60258,2.060766124
22.09999979,3.134842,267.5474,12087.29244,2.072201098
22.14999979,3.223425,269.0237,12428.84988,2.083635298
22.19999978,3.322158,271.0076,12809.54359,2.099000948
22.24999978,3.410741,272.484,13151.10104,2.110435923
22.29999978,3.499631,273.4682,13493.84221,2.118058723
22.34999978,3.578371,275.4367,13797.44712,2.133305097
22.39999978,3.657419,276.9285,14102.23961,2.144859347
22.44999978,3.746001,278.4049,14443.7932,2.156294322
22.49999978,3.824742,279.3891,14747.40196,2.163917122
22.54999978,3.903789,280.8809,15052.19059,2.175471372
22.59999977,3.972687,282.3573,15317.84681,2.186906347
22.64999977,4.041892,283.3415,15584.68675,2.194529147
22.69999977,4.100947,284.3411,15812.39043,2.202271222
22.74999977,4.169845,284.3411,16078.04665,2.202271222
22.79999977,4.229208,284.3411,16306.93791,2.202271222
22.84999977,4.27842,284.8333,16496.68905,2.206083397
22.89999977,4.327633,285.8175,16686.44405,2.213706197
22.94999977,4.376845,286.3096,16876.19518,2.217517597
22.99999976,4.426366,286.3096,17067.13776,2.217517597
23.04999976,4.475578,287.2939,17256.8889,2.225141171
23.09999976,4.524791,288.7703,17446.64389,2.236576146
23.14999976,4.564161,289.7699,17598.44634,2.244318222
23.19999976,4.603838,290.7542,17751.43252,2.251941796
23.24999976,4.653051,291.7384,17941.18752,2.259564596
23.29999976,4.702264,292.2305,18130.94251,2.263375996
23.34999976,4.741634,293.2148,18282.74496,2.270999571
23.39999975,4.781312,293.7069,18435.735,2.274810971
23.44999975,4.820682,294.199,18587.53745,2.278622371
23.49999975,4.860052,294.199,18739.3399,2.278622371
23.54999975,4.899422,294.199,18891.14235,2.278622371
23.59999975,4.939099,295.1833,19044.12853,2.286245945
23.64999975,4.978469,295.6754,19195.93099,2.290057345
23.69999975,5.007997,296.6751,19309.78475,2.297800195
23.74999975,5.037525,297.6593,19423.63852,2.305422995
23.79999974,5.067052,298.1515,19537.48843,2.30923517
23.84999974,5.09658,298.6436,19651.3422,2.31304657
23.89999974,5.126415,299.1357,19766.37969,2.31685797
23.94999974,5.1461,300.1353,19842.28092,2.324600046
23.99999974,5.165785,300.1353,19918.18215,2.324600046
24.04999974,5.175627,300.1353,19956.13083,2.324600046
24.09999974,5.18547,300.1353,19994.08337,2.324600046
24.14999974,5.205155,299.6278,20069.9846,2.32066937
24.19999973,5.22484,300.1353,20145.88582,2.324600046
24.24999973,5.234683,300.1353,20183.83836,2.324600046
24.29999973,5.244525,300.1353,20221.78705,2.324600046
24.34999973,5.254368,300.6274,20259.73959,2.328411446
24.39999973,5.26421,300.6274,20297.68828,2.328411446
24.44999973,5.274053,300.6274,20335.64082,2.328411446
24.49999973,5.284203,300.6274,20374.77709,2.328411446
24.54999973,5.284203,300.6274,20374.77709,2.328411446
24.59999972,5.284203,300.6274,20374.77709,2.328411446
24.64999972,5.294045,301.1196,20412.72577,2.33222362
24.69999972,5.294045,301.1196,20412.72577,2.33222362
24.74999972,5.303888,300.6274,20450.67831,2.328411446
24.79999972,5.303888,301.1196,20450.67831,2.33222362
24.84999972,5.31373,301.6117,20488.627,2.33603502
24.89999972,5.323573,302.1038,20526.57954,2.33984642
24.94999972,5.333416,303.0881,20564.53208,2.347469995
24.99999971,5.343258,303.0881,20602.48076,2.347469995
25.04999971,5.343258,302.5959,20602.48076,2.34365782
25.09999971,5.3531,302.5959,20640.42945,2.34365782
